{
  "bounds": [
    -73.9852468000838,
    -33.75308492246879,
    -28.841829473384745,
    5.273110717781586
  ],
  "minzoom": 3,
  "maxzoom": 10,
  "tileScheme": "xyz"
}