{
  "bounds": [
    -74.03337572000001,
    -33.772548344450925,
    -28.836069476859453,
    5.279198774500088
  ],
  "minzoom": 3,
  "maxzoom": 10,
  "tileScheme": "xyz"
}